{
  "version": 1,
  "author": "Bekmurod Saminov",
  "editor": "wokwi",
  "parts": [
    { "type": "wokwi-arduino-uno", "id": "uno", "top": 154.2, "left": -29.4, "attrs": {} },
    { "type": "wokwi-led", "id": "led1", "top": 44.4, "left": 99.8, "attrs": { "color": "red" } },
    {
      "type": "wokwi-led",
      "id": "led2",
      "top": 44.4,
      "left": 138.2,
      "attrs": { "color": "green" }
    },
    {
      "type": "wokwi-led",
      "id": "led3",
      "top": 44.4,
      "left": 176.6,
      "attrs": { "color": "yellow" }
    },
    {
      "type": "wokwi-pushbutton",
      "id": "btn1",
      "top": 44.6,
      "left": -57.6,
      "attrs": { "color": "green", "xray": "1" }
    },
    {
      "type": "wokwi-pushbutton",
      "id": "btn2",
      "top": -13,
      "left": 57.6,
      "attrs": { "color": "green", "xray": "1" }
    }
  ],
  "connections": [
    [ "led3:A", "uno:2", "green", [ "v38.4", "h9.6" ] ],
    [ "led1:A", "uno:4", "green", [ "v57.6", "h57.6" ] ],
    [ "led2:A", "uno:3", "green", [ "v48", "h9.6" ] ],
    [ "led1:C", "uno:GND.1", "green", [ "v48", "h-28.4" ] ],
    [ "led2:C", "uno:GND.1", "green", [ "v28.8", "h-66.8", "v28.8" ] ],
    [ "led3:C", "uno:GND.1", "green", [ "v38.4", "h-105.2" ] ],
    [ "btn1:1.l", "uno:GND.1", "green", [ "h-9.6", "v86.4", "h153.6" ] ],
    [ "btn2:1.l", "uno:GND.1", "green", [ "h-19.2", "v124.8", "h48", "v9.6" ] ],
    [ "btn2:2.r", "uno:5", "green", [ "h0" ] ],
    [ "btn1:2.r", "uno:6", "green", [ "h0.2", "v77", "h153.6" ] ]
  ],
  "dependencies": {}
}